cid,side_effect,frequency
1000,Angst,Zelden
1000,Hoofdpijn,Zelden
1000,Maagklachten,Soms
1001,Spierpijn,Zelden
1001,Duizeligheid,Vaak
1001,Misselijkheid,Soms
1002,Misselijkheid,Zelden
1002,Hoofdpijn,Zelden
1002,Diarree,Zelden
1003,Diarree,Vaak
1003,Slaperigheid,Soms
1003,Hoofdpijn,Zelden
1004,Angst,Soms
1004,Obstipatie,Soms
1004,Koorts,Vaak
1005,Tremoren,Zelden
1005,Huiduitslag,Soms
1005,Spierpijn,Zelden
1006,Spierpijn,Zelden
1006,Tremoren,Zelden
1006,Angst,Soms
1007,Huiduitslag,Zelden
1007,Angst,Zelden
1007,Droge mond,Vaak
1008,Maagklachten,Vaak
1008,Duizeligheid,Vaak
1008,Angst,Vaak
1009,Hoofdpijn,Zelden
1009,Droge mond,Zelden
1009,Duizeligheid,Vaak
1010,Obstipatie,Zelden
1010,Slaperigheid,Soms
1010,Hoofdpijn,Vaak
1011,Diarree,Soms
1011,Hoofdpijn,Vaak
1011,Duizeligheid,Zelden
1012,Slaapproblemen,Zelden
1012,Angst,Soms
1012,Hoofdpijn,Soms
1013,Tremoren,Vaak
1013,Huiduitslag,Vaak
1013,Hoofdpijn,Soms
1014,Maagklachten,Soms
1014,Koorts,Vaak
1014,Angst,Zelden
1015,Maagklachten,Soms
1015,Diarree,Vaak
1015,Tremoren,Soms
1016,Maagklachten,Zelden
1016,Duizeligheid,Soms
1016,Diarree,Soms
1017,Vermoeidheid,Zelden
1017,Droge mond,Zelden
1017,Huiduitslag,Vaak
1018,Koorts,Soms
1018,Slaapproblemen,Vaak
1018,Diarree,Vaak
1019,Tremoren,Zelden
1019,Obstipatie,Soms
1019,Angst,Soms
1020,Slaapproblemen,Vaak
1020,Hoofdpijn,Vaak
1020,Huiduitslag,Vaak
1021,Maagklachten,Vaak
1021,Koorts,Vaak
1021,Spierpijn,Soms
1022,Vermoeidheid,Zelden
1022,Huiduitslag,Zelden
1022,Slaapproblemen,Soms
1023,Angst,Zelden
1023,Huiduitslag,Soms
1023,Obstipatie,Soms
1024,Hoofdpijn,Zelden
1024,Tremoren,Vaak
1024,Spierpijn,Vaak
1025,Vermoeidheid,Soms
1025,Huiduitslag,Vaak
1025,Slaapproblemen,Soms
1026,Koorts,Vaak
1026,Hoofdpijn,Zelden
1026,Vermoeidheid,Vaak
1027,Slaperigheid,Zelden
1027,Spierpijn,Soms
1027,Misselijkheid,Soms
1028,Slaperigheid,Soms
1028,Vermoeidheid,Zelden
1028,Koorts,Zelden
1029,Droge mond,Vaak
1029,Slaapproblemen,Soms
1029,Hoofdpijn,Vaak
1030,Maagklachten,Zelden
1030,Misselijkheid,Vaak
1030,Droge mond,Vaak
1031,Obstipatie,Soms
1031,Slaperigheid,Vaak
1031,Misselijkheid,Soms
1032,Tremoren,Zelden
1032,Obstipatie,Zelden
1032,Spierpijn,Vaak
1033,Maagklachten,Soms
1033,Misselijkheid,Vaak
1033,Droge mond,Zelden
1034,Diarree,Vaak
1034,Vermoeidheid,Zelden
1034,Slaapproblemen,Vaak
1035,Droge mond,Vaak
1035,Spierpijn,Vaak
1035,Hoofdpijn,Zelden
1036,Tremoren,Vaak
1036,Huiduitslag,Zelden
1036,Angst,Soms
1037,Misselijkheid,Zelden
1037,Duizeligheid,Soms
1037,Vermoeidheid,Zelden
1038,Angst,Zelden
1038,Slaperigheid,Zelden
1038,Misselijkheid,Soms
1039,Slaperigheid,Soms
1039,Duizeligheid,Zelden
1039,Angst,Vaak
1040,Duizeligheid,Vaak
1040,Huiduitslag,Zelden
1040,Slaperigheid,Zelden
1041,Diarree,Zelden
1041,Spierpijn,Vaak
1041,Vermoeidheid,Soms
1042,Spierpijn,Vaak
1042,Vermoeidheid,Soms
1042,Misselijkheid,Soms
1043,Droge mond,Soms
1043,Hoofdpijn,Vaak
1043,Huiduitslag,Soms
1044,Duizeligheid,Vaak
1044,Angst,Zelden
1044,Obstipatie,Vaak
1045,Slaperigheid,Soms
1045,Hoofdpijn,Vaak
1045,Misselijkheid,Soms
1046,Huiduitslag,Soms
1046,Slaperigheid,Soms
1046,Droge mond,Vaak
1047,Hoofdpijn,Zelden
1047,Slaperigheid,Zelden
1047,Koorts,Soms
1048,Maagklachten,Zelden
1048,Slaapproblemen,Vaak
1048,Huiduitslag,Soms
1049,Diarree,Soms
1049,Koorts,Soms
1049,Maagklachten,Vaak
1050,Hoofdpijn,Zelden
1050,Duizeligheid,Vaak
1050,Koorts,Soms
1051,Maagklachten,Soms
1051,Tremoren,Vaak
1051,Angst,Vaak
1052,Vermoeidheid,Soms
1052,Droge mond,Vaak
1052,Huiduitslag,Vaak
1053,Spierpijn,Zelden
1053,Droge mond,Vaak
1053,Vermoeidheid,Vaak
1054,Slaperigheid,Soms
1054,Vermoeidheid,Soms
1054,Maagklachten,Soms
1055,Duizeligheid,Soms
1055,Koorts,Soms
1055,Tremoren,Soms
1056,Hoofdpijn,Vaak
1056,Droge mond,Vaak
1056,Slaapproblemen,Zelden
1057,Misselijkheid,Zelden
1057,Tremoren,Soms
1057,Koorts,Zelden
1058,Hoofdpijn,Soms
1058,Angst,Vaak
1058,Diarree,Vaak
1059,Duizeligheid,Vaak
1059,Misselijkheid,Soms
1059,Huiduitslag,Soms
1060,Spierpijn,Vaak
1060,Slaperigheid,Vaak
1060,Slaapproblemen,Vaak
1061,Spierpijn,Soms
1061,Koorts,Zelden
1061,Droge mond,Zelden
1062,Tremoren,Soms
1062,Slaapproblemen,Zelden
1062,Hoofdpijn,Vaak
1063,Angst,Vaak
1063,Slaperigheid,Zelden
1063,Huiduitslag,Zelden
1064,Slaapproblemen,Soms
1064,Obstipatie,Soms
1064,Huiduitslag,Soms
1065,Angst,Vaak
1065,Droge mond,Zelden
1065,Slaperigheid,Zelden
1066,Koorts,Soms
1066,Vermoeidheid,Vaak
1066,Droge mond,Soms
1067,Vermoeidheid,Soms
1067,Slaapproblemen,Zelden
1067,Duizeligheid,Soms
1068,Spierpijn,Zelden
1068,Slaperigheid,Soms
1068,Misselijkheid,Zelden
1069,Spierpijn,Vaak
1069,Angst,Zelden
1069,Tremoren,Vaak
1070,Huiduitslag,Zelden
1070,Vermoeidheid,Vaak
1070,Obstipatie,Zelden
1071,Huiduitslag,Zelden
1071,Droge mond,Vaak
1071,Misselijkheid,Vaak
1072,Droge mond,Soms
1072,Spierpijn,Zelden
1072,Tremoren,Vaak
1073,Diarree,Soms
1073,Koorts,Vaak
1073,Slaperigheid,Zelden
1074,Misselijkheid,Soms
1074,Slaperigheid,Zelden
1074,Vermoeidheid,Zelden
1075,Angst,Soms
1075,Maagklachten,Vaak
1075,Duizeligheid,Zelden
1076,Duizeligheid,Soms
1076,Slaapproblemen,Vaak
1076,Angst,Zelden
1077,Obstipatie,Vaak
1077,Misselijkheid,Vaak
1077,Diarree,Zelden
1078,Misselijkheid,Soms
1078,Huiduitslag,Vaak
1078,Hoofdpijn,Vaak
1079,Diarree,Soms
1079,Tremoren,Soms
1079,Vermoeidheid,Zelden
1080,Diarree,Zelden
1080,Duizeligheid,Zelden
1080,Angst,Zelden
1081,Huiduitslag,Vaak
1081,Spierpijn,Vaak
1081,Duizeligheid,Vaak
1082,Spierpijn,Vaak
1082,Angst,Vaak
1082,Huiduitslag,Zelden
1083,Misselijkheid,Vaak
1083,Maagklachten,Vaak
1083,Spierpijn,Soms
1084,Slaapproblemen,Zelden
1084,Obstipatie,Soms
1084,Diarree,Vaak
1085,Spierpijn,Soms
1085,Obstipatie,Zelden
1085,Misselijkheid,Vaak
1086,Angst,Soms
1086,Hoofdpijn,Zelden
1086,Misselijkheid,Soms
1087,Huiduitslag,Soms
1087,Slaapproblemen,Soms
1087,Angst,Soms
1088,Vermoeidheid,Vaak
1088,Tremoren,Vaak
1088,Misselijkheid,Zelden
1089,Droge mond,Zelden
1089,Misselijkheid,Soms
1089,Duizeligheid,Vaak
1090,Tremoren,Vaak
1090,Huiduitslag,Vaak
1090,Koorts,Vaak
1091,Duizeligheid,Soms
1091,Misselijkheid,Vaak
1091,Hoofdpijn,Soms
1092,Angst,Zelden
1092,Misselijkheid,Soms
1092,Tremoren,Vaak
1093,Slaperigheid,Vaak
1093,Slaapproblemen,Zelden
1093,Obstipatie,Soms
1094,Droge mond,Vaak
1094,Duizeligheid,Soms
1094,Spierpijn,Zelden
1095,Slaapproblemen,Soms
1095,Huiduitslag,Soms
1095,Tremoren,Soms
1096,Maagklachten,Vaak
1096,Spierpijn,Soms
1096,Vermoeidheid,Zelden
1097,Huiduitslag,Zelden
1097,Koorts,Zelden
1097,Spierpijn,Soms
1098,Diarree,Vaak
1098,Vermoeidheid,Soms
1098,Misselijkheid,Soms
1099,Diarree,Zelden
1099,Huiduitslag,Soms
1099,Vermoeidheid,Zelden
1100,Slaperigheid,Zelden
1100,Angst,Soms
1100,Vermoeidheid,Vaak
1101,Diarree,Vaak
1101,Slaapproblemen,Zelden
1101,Spierpijn,Zelden
1102,Vermoeidheid,Soms
1102,Spierpijn,Vaak
1102,Droge mond,Vaak
1103,Diarree,Vaak
1103,Vermoeidheid,Zelden
1103,Obstipatie,Soms
1104,Tremoren,Soms
1104,Obstipatie,Soms
1104,Vermoeidheid,Vaak
1105,Duizeligheid,Soms
1105,Tremoren,Zelden
1105,Misselijkheid,Zelden
1106,Duizeligheid,Zelden
1106,Tremoren,Soms
1106,Diarree,Soms
1107,Hoofdpijn,Vaak
1107,Misselijkheid,Zelden
1107,Maagklachten,Vaak
1108,Slaperigheid,Soms
1108,Misselijkheid,Soms
1108,Huiduitslag,Zelden
1109,Spierpijn,Zelden
1109,Slaapproblemen,Soms
1109,Vermoeidheid,Soms
1110,Angst,Vaak
1110,Tremoren,Soms
1110,Huiduitslag,Vaak
1111,Diarree,Zelden
1111,Angst,Vaak
1111,Huiduitslag,Vaak
1112,Spierpijn,Soms
1112,Droge mond,Soms
1112,Hoofdpijn,Vaak
1113,Diarree,Zelden
1113,Spierpijn,Vaak
1113,Slaapproblemen,Zelden
1114,Diarree,Vaak
1114,Tremoren,Zelden
1114,Duizeligheid,Zelden
1115,Angst,Zelden
1115,Huiduitslag,Vaak
1115,Diarree,Vaak
1116,Duizeligheid,Soms
1116,Huiduitslag,Vaak
1116,Diarree,Zelden
1117,Huiduitslag,Vaak
1117,Koorts,Vaak
1117,Slaapproblemen,Vaak
1118,Hoofdpijn,Zelden
1118,Droge mond,Zelden
1118,Angst,Soms
1119,Spierpijn,Vaak
1119,Slaperigheid,Vaak
1119,Koorts,Soms
1120,Koorts,Zelden
1120,Slaapproblemen,Vaak
1120,Hoofdpijn,Soms
1121,Spierpijn,Vaak
1121,Slaperigheid,Zelden
1121,Vermoeidheid,Vaak
1122,Spierpijn,Zelden
1122,Misselijkheid,Zelden
1122,Droge mond,Vaak
1123,Vermoeidheid,Soms
1123,Diarree,Zelden
1123,Misselijkheid,Soms
1124,Obstipatie,Vaak
1124,Tremoren,Zelden
1124,Angst,Vaak
1125,Obstipatie,Vaak
1125,Maagklachten,Vaak
1125,Koorts,Vaak
1126,Koorts,Vaak
1126,Hoofdpijn,Soms
1126,Spierpijn,Zelden
1127,Diarree,Soms
1127,Huiduitslag,Vaak
1127,Hoofdpijn,Soms
1128,Maagklachten,Soms
1128,Tremoren,Soms
1128,Vermoeidheid,Zelden
1129,Duizeligheid,Vaak
1129,Spierpijn,Soms
1129,Obstipatie,Vaak
1130,Huiduitslag,Soms
1130,Misselijkheid,Zelden
1130,Duizeligheid,Vaak
1131,Diarree,Zelden
1131,Hoofdpijn,Vaak
1131,Duizeligheid,Vaak
1132,Maagklachten,Vaak
1132,Obstipatie,Soms
1132,Angst,Soms
1133,Tremoren,Zelden
1133,Spierpijn,Vaak
1133,Maagklachten,Zelden
1134,Slaapproblemen,Vaak
1134,Koorts,Vaak
1134,Hoofdpijn,Zelden
1135,Droge mond,Soms
1135,Obstipatie,Vaak
1135,Spierpijn,Zelden
1136,Slaapproblemen,Soms
1136,Misselijkheid,Soms
1136,Hoofdpijn,Soms
1137,Hoofdpijn,Zelden
1137,Spierpijn,Vaak
1137,Maagklachten,Vaak
1138,Droge mond,Zelden
1138,Huiduitslag,Soms
1138,Maagklachten,Soms
1139,Diarree,Soms
1139,Maagklachten,Soms
1139,Duizeligheid,Zelden
1140,Koorts,Soms
1140,Vermoeidheid,Zelden
1140,Slaperigheid,Vaak
1141,Slaapproblemen,Zelden
1141,Spierpijn,Vaak
1141,Misselijkheid,Soms
1142,Droge mond,Zelden
1142,Obstipatie,Zelden
1142,Hoofdpijn,Soms
1143,Diarree,Soms
1143,Slaapproblemen,Zelden
1143,Koorts,Soms
1144,Tremoren,Vaak
1144,Obstipatie,Zelden
1144,Koorts,Vaak
1145,Slaapproblemen,Soms
1145,Duizeligheid,Soms
1145,Obstipatie,Soms
1146,Diarree,Vaak
1146,Huiduitslag,Soms
1146,Tremoren,Soms
1147,Huiduitslag,Vaak
1147,Duizeligheid,Zelden
1147,Slaperigheid,Vaak
1148,Slaperigheid,Vaak
1148,Vermoeidheid,Zelden
1148,Huiduitslag,Zelden
1149,Koorts,Zelden
1149,Vermoeidheid,Zelden
1149,Spierpijn,Zelden
1150,Misselijkheid,Vaak
1150,Obstipatie,Zelden
1150,Koorts,Soms
1151,Tremoren,Vaak
1151,Slaapproblemen,Vaak
1151,Obstipatie,Soms
1152,Obstipatie,Zelden
1152,Spierpijn,Soms
1152,Hoofdpijn,Soms
1153,Slaapproblemen,Soms
1153,Droge mond,Zelden
1153,Tremoren,Zelden
1154,Vermoeidheid,Zelden
1154,Hoofdpijn,Zelden
1154,Droge mond,Vaak
1155,Diarree,Zelden
1155,Angst,Zelden
1155,Obstipatie,Zelden
1156,Obstipatie,Vaak
1156,Huiduitslag,Vaak
1156,Koorts,Vaak
1157,Slaperigheid,Zelden
1157,Spierpijn,Vaak
1157,Misselijkheid,Zelden
1158,Droge mond,Soms
1158,Angst,Vaak
1158,Slaperigheid,Zelden
1159,Koorts,Soms
1159,Misselijkheid,Vaak
1159,Obstipatie,Zelden
1160,Misselijkheid,Zelden
1160,Huiduitslag,Soms
1160,Duizeligheid,Soms
1161,Hoofdpijn,Vaak
1161,Slaapproblemen,Soms
1161,Diarree,Zelden
1162,Huiduitslag,Zelden
1162,Vermoeidheid,Soms
1162,Obstipatie,Zelden
1163,Spierpijn,Soms
1163,Diarree,Soms
1163,Koorts,Soms
1164,Huiduitslag,Zelden
1164,Maagklachten,Soms
1164,Spierpijn,Zelden
1165,Tremoren,Zelden
1165,Hoofdpijn,Zelden
1165,Spierpijn,Zelden
1166,Obstipatie,Vaak
1166,Koorts,Zelden
1166,Misselijkheid,Zelden
1167,Slaperigheid,Zelden
1167,Misselijkheid,Zelden
1167,Angst,Vaak
1168,Obstipatie,Zelden
1168,Huiduitslag,Vaak
1168,Slaapproblemen,Zelden
1169,Maagklachten,Zelden
1169,Slaperigheid,Vaak
1169,Droge mond,Vaak
1170,Koorts,Soms
1170,Vermoeidheid,Vaak
1170,Hoofdpijn,Vaak
1171,Duizeligheid,Vaak
1171,Tremoren,Soms
1171,Droge mond,Soms
1172,Obstipatie,Soms
1172,Vermoeidheid,Soms
1172,Tremoren,Zelden
1173,Duizeligheid,Soms
1173,Tremoren,Soms
1173,Slaapproblemen,Vaak
1174,Tremoren,Vaak
1174,Slaperigheid,Zelden
1174,Slaapproblemen,Zelden
1175,Vermoeidheid,Soms
1175,Koorts,Zelden
1175,Duizeligheid,Zelden
1176,Hoofdpijn,Vaak
1176,Koorts,Soms
1176,Slaperigheid,Soms
1177,Slaperigheid,Zelden
1177,Misselijkheid,Zelden
1177,Diarree,Zelden
1178,Vermoeidheid,Vaak
1178,Angst,Zelden
1178,Diarree,Vaak
1179,Slaperigheid,Vaak
1179,Angst,Vaak
1179,Spierpijn,Vaak
1180,Slaapproblemen,Vaak
1180,Duizeligheid,Soms
1180,Droge mond,Vaak
1181,Slaperigheid,Soms
1181,Droge mond,Zelden
1181,Huiduitslag,Soms
1182,Diarree,Vaak
1182,Misselijkheid,Vaak
1182,Huiduitslag,Soms
1183,Hoofdpijn,Soms
1183,Misselijkheid,Soms
1183,Duizeligheid,Zelden
1184,Hoofdpijn,Soms
1184,Misselijkheid,Soms
1184,Koorts,Vaak
1185,Koorts,Soms
1185,Angst,Zelden
1185,Huiduitslag,Zelden
1186,Angst,Zelden
1186,Slaperigheid,Zelden
1186,Diarree,Soms
1187,Diarree,Soms
1187,Duizeligheid,Soms
1187,Koorts,Soms
1188,Duizeligheid,Zelden
1188,Diarree,Vaak
1188,Maagklachten,Vaak
1189,Slaapproblemen,Vaak
1189,Huiduitslag,Zelden
1189,Droge mond,Vaak
1190,Tremoren,Vaak
1190,Angst,Soms
1190,Obstipatie,Zelden
1191,Tremoren,Soms
1191,Slaperigheid,Vaak
1191,Vermoeidheid,Vaak
1192,Angst,Zelden
1192,Vermoeidheid,Soms
1192,Diarree,Vaak
1193,Spierpijn,Soms
1193,Huiduitslag,Vaak
1193,Slaperigheid,Zelden
1194,Misselijkheid,Soms
1194,Hoofdpijn,Soms
1194,Slaapproblemen,Vaak
1195,Misselijkheid,Zelden
1195,Droge mond,Soms
1195,Hoofdpijn,Zelden
1196,Obstipatie,Vaak
1196,Slaapproblemen,Soms
1196,Koorts,Zelden
1197,Tremoren,Zelden
1197,Huiduitslag,Zelden
1197,Droge mond,Zelden
1198,Diarree,Vaak
1198,Duizeligheid,Soms
1198,Huiduitslag,Vaak
1199,Vermoeidheid,Soms
1199,Slaperigheid,Vaak
1199,Spierpijn,Vaak
1200,Slaperigheid,Vaak
1200,Hoofdpijn,Zelden
1200,Koorts,Zelden
1201,Spierpijn,Vaak
1201,Slaapproblemen,Zelden
1201,Hoofdpijn,Vaak
1202,Slaperigheid,Zelden
1202,Spierpijn,Soms
1202,Slaapproblemen,Soms
1203,Maagklachten,Vaak
1203,Hoofdpijn,Zelden
1203,Droge mond,Soms
1204,Droge mond,Zelden
1204,Koorts,Zelden
1204,Misselijkheid,Vaak
1205,Spierpijn,Soms
1205,Angst,Zelden
1205,Slaapproblemen,Soms
1206,Angst,Soms
1206,Misselijkheid,Zelden
1206,Huiduitslag,Vaak
1207,Obstipatie,Soms
1207,Koorts,Zelden
1207,Hoofdpijn,Vaak
1208,Koorts,Vaak
1208,Angst,Soms
1208,Slaapproblemen,Soms
1209,Spierpijn,Zelden
1209,Droge mond,Vaak
1209,Slaapproblemen,Vaak
1210,Vermoeidheid,Soms
1210,Spierpijn,Vaak
1210,Diarree,Vaak
1211,Hoofdpijn,Soms
1211,Droge mond,Zelden
1211,Spierpijn,Soms
1212,Huiduitslag,Zelden
1212,Duizeligheid,Zelden
1212,Angst,Zelden
1213,Slaperigheid,Soms
1213,Slaapproblemen,Vaak
1213,Koorts,Vaak
1214,Slaperigheid,Vaak
1214,Droge mond,Zelden
1214,Hoofdpijn,Vaak
1215,Slaperigheid,Vaak
1215,Slaapproblemen,Vaak
1215,Duizeligheid,Zelden
1216,Koorts,Vaak
1216,Angst,Zelden
1216,Hoofdpijn,Zelden
1217,Koorts,Vaak
1217,Droge mond,Zelden
1217,Vermoeidheid,Zelden
1218,Obstipatie,Vaak
1218,Angst,Soms
1218,Slaperigheid,Zelden
1219,Droge mond,Soms
1219,Tremoren,Vaak
1219,Angst,Vaak
1220,Huiduitslag,Soms
1220,Misselijkheid,Zelden
1220,Duizeligheid,Zelden
1221,Spierpijn,Soms
1221,Koorts,Soms
1221,Maagklachten,Soms
1222,Duizeligheid,Soms
1222,Tremoren,Zelden
1222,Huiduitslag,Soms
1223,Koorts,Zelden
1223,Maagklachten,Zelden
1223,Huiduitslag,Vaak
1224,Maagklachten,Vaak
1224,Huiduitslag,Zelden
1224,Angst,Vaak
1225,Obstipatie,Zelden
1225,Huiduitslag,Soms
1225,Duizeligheid,Vaak
1226,Diarree,Vaak
1226,Spierpijn,Vaak
1226,Angst,Soms
1227,Misselijkheid,Soms
1227,Duizeligheid,Vaak
1227,Maagklachten,Vaak
1228,Diarree,Soms
1228,Angst,Soms
1228,Tremoren,Zelden
1229,Angst,Soms
1229,Koorts,Zelden
1229,Hoofdpijn,Zelden
1230,Angst,Vaak
1230,Tremoren,Vaak
1230,Maagklachten,Soms
1231,Misselijkheid,Soms
1231,Droge mond,Vaak
1231,Huiduitslag,Soms
1232,Tremoren,Vaak
1232,Diarree,Zelden
1232,Obstipatie,Vaak
1233,Obstipatie,Zelden
1233,Spierpijn,Soms
1233,Diarree,Vaak
1234,Slaapproblemen,Soms
1234,Huiduitslag,Zelden
1234,Misselijkheid,Zelden
1235,Maagklachten,Zelden
1235,Tremoren,Vaak
1235,Spierpijn,Zelden
1236,Koorts,Soms
1236,Misselijkheid,Zelden
1236,Spierpijn,Zelden
1237,Spierpijn,Zelden
1237,Tremoren,Soms
1237,Droge mond,Soms
1238,Slaapproblemen,Vaak
1238,Hoofdpijn,Soms
1238,Koorts,Zelden
1239,Droge mond,Zelden
1239,Duizeligheid,Soms
1239,Vermoeidheid,Soms
1240,Tremoren,Zelden
1240,Misselijkheid,Soms
1240,Droge mond,Soms
1241,Tremoren,Zelden
1241,Angst,Vaak
1241,Droge mond,Vaak
1242,Tremoren,Vaak
1242,Hoofdpijn,Zelden
1242,Obstipatie,Soms
1243,Huiduitslag,Soms
1243,Vermoeidheid,Soms
1243,Spierpijn,Soms
1244,Diarree,Vaak
1244,Spierpijn,Vaak
1244,Droge mond,Soms
1245,Diarree,Zelden
1245,Hoofdpijn,Zelden
1245,Slaapproblemen,Vaak
1246,Koorts,Soms
1246,Hoofdpijn,Vaak
1246,Spierpijn,Vaak
1247,Angst,Soms
1247,Slaperigheid,Soms
1247,Obstipatie,Soms
1248,Angst,Zelden
1248,Obstipatie,Vaak
1248,Misselijkheid,Vaak
1249,Diarree,Vaak
1249,Droge mond,Vaak
1249,Misselijkheid,Vaak
1250,Koorts,Vaak
1250,Vermoeidheid,Vaak
1250,Obstipatie,Vaak
1251,Droge mond,Soms
1251,Koorts,Zelden
1251,Duizeligheid,Zelden
1252,Angst,Zelden
1252,Koorts,Soms
1252,Spierpijn,Soms
1253,Diarree,Zelden
1253,Slaapproblemen,Vaak
1253,Obstipatie,Zelden
1254,Obstipatie,Zelden
1254,Tremoren,Zelden
1254,Slaapproblemen,Zelden
1255,Obstipatie,Vaak
1255,Slaperigheid,Vaak
1255,Hoofdpijn,Vaak
1256,Maagklachten,Soms
1256,Hoofdpijn,Zelden
1256,Misselijkheid,Soms
1257,Obstipatie,Zelden
1257,Droge mond,Zelden
1257,Angst,Soms
1258,Duizeligheid,Zelden
1258,Diarree,Soms
1258,Droge mond,Soms
1259,Diarree,Zelden
1259,Hoofdpijn,Vaak
1259,Duizeligheid,Zelden
1260,Koorts,Zelden
1260,Spierpijn,Zelden
1260,Misselijkheid,Zelden
1261,Angst,Soms
1261,Slaapproblemen,Zelden
1261,Huiduitslag,Soms
1262,Hoofdpijn,Vaak
1262,Vermoeidheid,Vaak
1262,Diarree,Zelden
1263,Duizeligheid,Vaak
1263,Huiduitslag,Zelden
1263,Koorts,Vaak
1264,Maagklachten,Soms
1264,Hoofdpijn,Vaak
1264,Obstipatie,Zelden
1265,Droge mond,Vaak
1265,Huiduitslag,Vaak
1265,Slaapproblemen,Zelden
1266,Maagklachten,Soms
1266,Obstipatie,Soms
1266,Slaperigheid,Soms
1267,Huiduitslag,Soms
1267,Obstipatie,Vaak
1267,Spierpijn,Soms
1268,Vermoeidheid,Zelden
1268,Slaapproblemen,Vaak
1268,Angst,Soms
1269,Angst,Soms
1269,Huiduitslag,Vaak
1269,Maagklachten,Zelden
1270,Slaapproblemen,Zelden
1270,Tremoren,Vaak
1270,Angst,Zelden
1271,Tremoren,Zelden
1271,Slaperigheid,Zelden
1271,Diarree,Soms
1272,Maagklachten,Soms
1272,Droge mond,Soms
1272,Misselijkheid,Soms
1273,Slaperigheid,Zelden
1273,Diarree,Soms
1273,Misselijkheid,Soms
1274,Huiduitslag,Zelden
1274,Tremoren,Zelden
1274,Angst,Soms
1275,Misselijkheid,Zelden
1275,Diarree,Zelden
1275,Maagklachten,Vaak
1276,Obstipatie,Vaak
1276,Misselijkheid,Zelden
1276,Slaapproblemen,Vaak
1277,Droge mond,Zelden
1277,Vermoeidheid,Soms
1277,Misselijkheid,Soms
1278,Slaperigheid,Zelden
1278,Hoofdpijn,Soms
1278,Spierpijn,Soms
1279,Slaapproblemen,Vaak
1279,Duizeligheid,Zelden
1279,Maagklachten,Vaak
1280,Slaapproblemen,Zelden
1280,Droge mond,Vaak
1280,Spierpijn,Zelden
1281,Spierpijn,Soms
1281,Tremoren,Vaak
1281,Hoofdpijn,Vaak
1282,Misselijkheid,Zelden
1282,Diarree,Soms
1282,Spierpijn,Vaak
1283,Slaapproblemen,Vaak
1283,Hoofdpijn,Vaak
1283,Koorts,Vaak
1284,Huiduitslag,Soms
1284,Slaperigheid,Vaak
1284,Maagklachten,Zelden
1285,Tremoren,Vaak
1285,Angst,Soms
1285,Huiduitslag,Vaak
1286,Misselijkheid,Soms
1286,Huiduitslag,Zelden
1286,Spierpijn,Vaak
1287,Vermoeidheid,Vaak
1287,Slaapproblemen,Soms
1287,Huiduitslag,Vaak
1288,Angst,Vaak
1288,Vermoeidheid,Zelden
1288,Obstipatie,Zelden
1289,Misselijkheid,Vaak
1289,Koorts,Zelden
1289,Slaapproblemen,Vaak
1290,Spierpijn,Zelden
1290,Vermoeidheid,Vaak
1290,Huiduitslag,Vaak
1291,Maagklachten,Soms
1291,Obstipatie,Vaak
1291,Duizeligheid,Vaak
1292,Tremoren,Zelden
1292,Diarree,Vaak
1292,Misselijkheid,Soms
1293,Slaapproblemen,Vaak
1293,Misselijkheid,Zelden
1293,Spierpijn,Zelden
1294,Vermoeidheid,Zelden
1294,Angst,Soms
1294,Koorts,Zelden
1295,Droge mond,Soms
1295,Misselijkheid,Vaak
1295,Spierpijn,Soms
1296,Spierpijn,Zelden
1296,Vermoeidheid,Zelden
1296,Huiduitslag,Vaak
1297,Vermoeidheid,Vaak
1297,Maagklachten,Vaak
1297,Obstipatie,Zelden
1298,Misselijkheid,Zelden
1298,Duizeligheid,Zelden
1298,Maagklachten,Vaak
1299,Angst,Vaak
1299,Maagklachten,Zelden
1299,Vermoeidheid,Soms
1300,Hoofdpijn,Soms
1300,Diarree,Vaak
1300,Vermoeidheid,Soms
1301,Duizeligheid,Vaak
1301,Tremoren,Zelden
1301,Diarree,Soms
1302,Slaapproblemen,Zelden
1302,Koorts,Zelden
1302,Angst,Vaak
1303,Tremoren,Vaak
1303,Angst,Zelden
1303,Maagklachten,Vaak
1304,Angst,Vaak
1304,Koorts,Zelden
1304,Tremoren,Vaak
1305,Slaapproblemen,Soms
1305,Spierpijn,Soms
1305,Hoofdpijn,Zelden
1306,Slaperigheid,Zelden
1306,Hoofdpijn,Soms
1306,Koorts,Zelden
1307,Tremoren,Soms
1307,Obstipatie,Zelden
1307,Koorts,Zelden
1308,Misselijkheid,Zelden
1308,Slaapproblemen,Soms
1308,Spierpijn,Zelden
1309,Diarree,Zelden
1309,Hoofdpijn,Zelden
1309,Obstipatie,Soms
1310,Spierpijn,Zelden
1310,Slaapproblemen,Zelden
1310,Misselijkheid,Zelden
1311,Slaapproblemen,Zelden
1311,Hoofdpijn,Soms
1311,Tremoren,Vaak
1312,Slaperigheid,Zelden
1312,Tremoren,Zelden
1312,Droge mond,Vaak
1313,Angst,Zelden
1313,Duizeligheid,Soms
1313,Misselijkheid,Zelden
1314,Angst,Zelden
1314,Huiduitslag,Vaak
1314,Tremoren,Zelden
1315,Vermoeidheid,Zelden
1315,Diarree,Soms
1315,Koorts,Soms
1316,Hoofdpijn,Vaak
1316,Obstipatie,Zelden
1316,Tremoren,Soms
1317,Slaperigheid,Soms
1317,Huiduitslag,Vaak
1317,Duizeligheid,Vaak
1318,Duizeligheid,Vaak
1318,Vermoeidheid,Zelden
1318,Droge mond,Vaak
1319,Misselijkheid,Zelden
1319,Droge mond,Vaak
1319,Spierpijn,Vaak
1320,Droge mond,Zelden
1320,Vermoeidheid,Zelden
1320,Maagklachten,Zelden
1321,Angst,Zelden
1321,Misselijkheid,Zelden
1321,Obstipatie,Vaak
1322,Obstipatie,Soms
1322,Angst,Vaak
1322,Tremoren,Soms
1323,Droge mond,Soms
1323,Tremoren,Vaak
1323,Hoofdpijn,Zelden
1324,Maagklachten,Vaak
1324,Vermoeidheid,Vaak
1324,Spierpijn,Vaak
1325,Misselijkheid,Soms
1325,Maagklachten,Soms
1325,Vermoeidheid,Zelden
1326,Hoofdpijn,Vaak
1326,Diarree,Vaak
1326,Maagklachten,Zelden
1327,Slaapproblemen,Soms
1327,Huiduitslag,Vaak
1327,Diarree,Zelden
1328,Diarree,Zelden
1328,Huiduitslag,Zelden
1328,Duizeligheid,Zelden
1329,Duizeligheid,Zelden
1329,Hoofdpijn,Vaak
1329,Angst,Soms
1330,Hoofdpijn,Zelden
1330,Droge mond,Soms
1330,Vermoeidheid,Vaak
1331,Slaperigheid,Soms
1331,Angst,Soms
1331,Obstipatie,Soms
1332,Angst,Zelden
1332,Droge mond,Vaak
1332,Tremoren,Soms
1333,Diarree,Soms
1333,Misselijkheid,Zelden
1333,Slaapproblemen,Vaak
1334,Hoofdpijn,Soms
1334,Angst,Vaak
1334,Vermoeidheid,Soms
1335,Angst,Soms
1335,Slaapproblemen,Zelden
1335,Droge mond,Soms
1336,Obstipatie,Soms
1336,Spierpijn,Soms
1336,Vermoeidheid,Zelden
1337,Diarree,Vaak
1337,Vermoeidheid,Soms
1337,Duizeligheid,Zelden
1338,Obstipatie,Zelden
1338,Droge mond,Zelden
1338,Duizeligheid,Soms
1339,Obstipatie,Soms
1339,Huiduitslag,Zelden
1339,Maagklachten,Zelden
1340,Diarree,Zelden
1340,Duizeligheid,Soms
1340,Tremoren,Zelden
1341,Maagklachten,Soms
1341,Slaapproblemen,Soms
1341,Tremoren,Soms
1342,Slaapproblemen,Zelden
1342,Spierpijn,Soms
1342,Tremoren,Vaak
1343,Droge mond,Zelden
1343,Slaapproblemen,Soms
1343,Duizeligheid,Vaak
1344,Koorts,Zelden
1344,Slaperigheid,Soms
1344,Hoofdpijn,Zelden
1345,Droge mond,Soms
1345,Diarree,Soms
1345,Obstipatie,Vaak
1346,Misselijkheid,Vaak
1346,Slaperigheid,Soms
1346,Spierpijn,Vaak
1347,Slaperigheid,Vaak
1347,Maagklachten,Vaak
1347,Koorts,Zelden
1348,Slaperigheid,Zelden
1348,Huiduitslag,Zelden
1348,Droge mond,Soms
1349,Spierpijn,Soms
1349,Huiduitslag,Soms
1349,Slaapproblemen,Zelden
1350,Tremoren,Soms
1350,Obstipatie,Zelden
1350,Duizeligheid,Vaak
1351,Slaapproblemen,Vaak
1351,Diarree,Vaak
1351,Spierpijn,Vaak
1352,Slaapproblemen,Zelden
1352,Tremoren,Soms
1352,Duizeligheid,Soms
1353,Maagklachten,Vaak
1353,Droge mond,Zelden
1353,Hoofdpijn,Soms
1354,Huiduitslag,Zelden
1354,Hoofdpijn,Zelden
1354,Tremoren,Soms
1355,Angst,Zelden
1355,Huiduitslag,Vaak
1355,Misselijkheid,Zelden
1356,Hoofdpijn,Zelden
1356,Angst,Zelden
1356,Slaperigheid,Soms
1357,Angst,Vaak
1357,Huiduitslag,Vaak
1357,Duizeligheid,Soms
1358,Hoofdpijn,Vaak
1358,Diarree,Soms
1358,Spierpijn,Zelden
1359,Angst,Zelden
1359,Droge mond,Soms
1359,Tremoren,Soms
1360,Maagklachten,Soms
1360,Misselijkheid,Soms
1360,Duizeligheid,Zelden
1361,Spierpijn,Zelden
1361,Diarree,Zelden
1361,Misselijkheid,Zelden
1362,Droge mond,Vaak
1362,Huiduitslag,Zelden
1362,Obstipatie,Soms
1363,Misselijkheid,Soms
1363,Huiduitslag,Soms
1363,Duizeligheid,Soms
1364,Vermoeidheid,Vaak
1364,Spierpijn,Zelden
1364,Duizeligheid,Zelden
1365,Maagklachten,Zelden
1365,Vermoeidheid,Vaak
1365,Duizeligheid,Soms
1366,Misselijkheid,Vaak
1366,Slaperigheid,Soms
1366,Hoofdpijn,Soms
1367,Angst,Vaak
1367,Tremoren,Vaak
1367,Droge mond,Soms
1368,Misselijkheid,Soms
1368,Huiduitslag,Soms
1368,Diarree,Zelden
1369,Duizeligheid,Zelden
1369,Hoofdpijn,Zelden
1369,Spierpijn,Soms
1370,Droge mond,Vaak
1370,Hoofdpijn,Vaak
1370,Angst,Soms
1371,Obstipatie,Vaak
1371,Tremoren,Vaak
1371,Slaapproblemen,Zelden
1372,Hoofdpijn,Zelden
1372,Angst,Soms
1372,Diarree,Vaak
1373,Droge mond,Vaak
1373,Spierpijn,Vaak
1373,Huiduitslag,Vaak
1374,Misselijkheid,Zelden
1374,Spierpijn,Soms
1374,Angst,Vaak
1375,Tremoren,Soms
1375,Huiduitslag,Vaak
1375,Duizeligheid,Vaak
1376,Misselijkheid,Vaak
1376,Tremoren,Vaak
1376,Slaperigheid,Vaak
1377,Duizeligheid,Soms
1377,Koorts,Vaak
1377,Vermoeidheid,Vaak
1378,Obstipatie,Soms
1378,Maagklachten,Zelden
1378,Hoofdpijn,Zelden
1379,Duizeligheid,Zelden
1379,Maagklachten,Soms
1379,Angst,Zelden
1380,Slaapproblemen,Zelden
1380,Droge mond,Vaak
1380,Slaperigheid,Soms
1381,Droge mond,Vaak
1381,Misselijkheid,Soms
1381,Huiduitslag,Zelden
1382,Slaperigheid,Vaak
1382,Tremoren,Soms
1382,Vermoeidheid,Vaak
1383,Koorts,Vaak
1383,Angst,Soms
1383,Hoofdpijn,Vaak
1384,Spierpijn,Soms
1384,Misselijkheid,Zelden
1384,Huiduitslag,Soms
1385,Koorts,Soms
1385,Slaperigheid,Soms
1385,Slaapproblemen,Soms
1386,Slaapproblemen,Vaak
1386,Misselijkheid,Vaak
1386,Obstipatie,Zelden
1387,Koorts,Vaak
1387,Slaapproblemen,Zelden
1387,Droge mond,Zelden
1388,Diarree,Vaak
1388,Maagklachten,Zelden
1388,Obstipatie,Soms
1389,Slaapproblemen,Zelden
1389,Misselijkheid,Soms
1389,Hoofdpijn,Zelden
1390,Diarree,Zelden
1390,Droge mond,Soms
1390,Koorts,Soms
1391,Droge mond,Soms
1391,Misselijkheid,Vaak
1391,Maagklachten,Vaak
1392,Slaperigheid,Vaak
1392,Koorts,Vaak
1392,Vermoeidheid,Vaak
1393,Maagklachten,Soms
1393,Misselijkheid,Soms
1393,Koorts,Zelden
1394,Tremoren,Zelden
1394,Slaperigheid,Soms
1394,Duizeligheid,Zelden
1395,Vermoeidheid,Soms
1395,Droge mond,Zelden
1395,Angst,Vaak
1396,Koorts,Vaak
1396,Slaapproblemen,Zelden
1396,Maagklachten,Vaak
1397,Diarree,Vaak
1397,Slaapproblemen,Vaak
1397,Slaperigheid,Zelden
1398,Hoofdpijn,Vaak
1398,Obstipatie,Zelden
1398,Tremoren,Vaak
1399,Hoofdpijn,Vaak
1399,Koorts,Vaak
1399,Obstipatie,Soms
1400,Droge mond,Vaak
1400,Maagklachten,Soms
1400,Tremoren,Soms
1401,Vermoeidheid,Soms
1401,Tremoren,Zelden
1401,Angst,Vaak
1402,Slaapproblemen,Soms
1402,Spierpijn,Soms
1402,Maagklachten,Soms
1403,Vermoeidheid,Vaak
1403,Droge mond,Vaak
1403,Huiduitslag,Vaak
1404,Slaapproblemen,Zelden
1404,Misselijkheid,Soms
1404,Angst,Vaak
1405,Obstipatie,Soms
1405,Diarree,Soms
1405,Tremoren,Zelden
1406,Slaapproblemen,Zelden
1406,Maagklachten,Soms
1406,Koorts,Zelden
1407,Duizeligheid,Zelden
1407,Slaperigheid,Soms
1407,Huiduitslag,Vaak
1408,Maagklachten,Soms
1408,Huiduitslag,Vaak
1408,Slaapproblemen,Soms
1409,Droge mond,Soms
1409,Angst,Vaak
1409,Vermoeidheid,Vaak
1410,Slaapproblemen,Soms
1410,Huiduitslag,Vaak
1410,Maagklachten,Vaak
1411,Slaapproblemen,Soms
1411,Slaperigheid,Soms
1411,Diarree,Zelden
1412,Misselijkheid,Soms
1412,Spierpijn,Zelden
1412,Angst,Soms
1413,Koorts,Zelden
1413,Obstipatie,Soms
1413,Slaperigheid,Zelden
1414,Spierpijn,Zelden
1414,Duizeligheid,Zelden
1414,Hoofdpijn,Vaak
1415,Slaapproblemen,Zelden
1415,Droge mond,Zelden
1415,Diarree,Vaak
1416,Slaperigheid,Soms
1416,Obstipatie,Soms
1416,Maagklachten,Vaak
1417,Spierpijn,Soms
1417,Obstipatie,Zelden
1417,Angst,Zelden
1418,Diarree,Zelden
1418,Angst,Vaak
1418,Slaapproblemen,Zelden
1419,Hoofdpijn,Soms
1419,Vermoeidheid,Zelden
1419,Tremoren,Soms
1420,Diarree,Zelden
1420,Droge mond,Soms
1420,Slaperigheid,Zelden
1421,Tremoren,Soms
1421,Obstipatie,Soms
1421,Spierpijn,Soms
1422,Slaapproblemen,Vaak
1422,Obstipatie,Vaak
1422,Vermoeidheid,Zelden
1423,Slaapproblemen,Vaak
1423,Koorts,Vaak
1423,Maagklachten,Zelden
1424,Vermoeidheid,Zelden
1424,Misselijkheid,Zelden
1424,Diarree,Soms
1425,Droge mond,Soms
1425,Huiduitslag,Vaak
1425,Slaapproblemen,Vaak
1426,Obstipatie,Zelden
1426,Slaperigheid,Vaak
1426,Hoofdpijn,Soms
1427,Slaperigheid,Vaak
1427,Maagklachten,Zelden
1427,Slaapproblemen,Vaak
1428,Vermoeidheid,Vaak
1428,Tremoren,Soms
1428,Hoofdpijn,Vaak
1429,Tremoren,Zelden
1429,Obstipatie,Vaak
1429,Droge mond,Zelden
1430,Hoofdpijn,Soms
1430,Maagklachten,Zelden
1430,Diarree,Vaak
1431,Vermoeidheid,Soms
1431,Hoofdpijn,Zelden
1431,Slaapproblemen,Vaak
1432,Angst,Vaak
1432,Spierpijn,Vaak
1432,Misselijkheid,Zelden
1433,Tremoren,Vaak
1433,Slaapproblemen,Zelden
1433,Koorts,Soms
1434,Slaapproblemen,Vaak
1434,Tremoren,Vaak
1434,Slaperigheid,Vaak
1435,Tremoren,Vaak
1435,Diarree,Zelden
1435,Maagklachten,Zelden
1436,Spierpijn,Soms
1436,Vermoeidheid,Vaak
1436,Slaperigheid,Vaak
1437,Vermoeidheid,Vaak
1437,Spierpijn,Zelden
1437,Slaapproblemen,Zelden
1438,Obstipatie,Zelden
1438,Droge mond,Soms
1438,Huiduitslag,Zelden
1439,Huiduitslag,Zelden
1439,Spierpijn,Zelden
1439,Hoofdpijn,Zelden
1440,Spierpijn,Vaak
1440,Duizeligheid,Soms
1440,Huiduitslag,Soms
1441,Obstipatie,Zelden
1441,Maagklachten,Vaak
1441,Tremoren,Zelden
1442,Vermoeidheid,Zelden
1442,Maagklachten,Soms
1442,Misselijkheid,Soms
1443,Droge mond,Vaak
1443,Maagklachten,Zelden
1443,Diarree,Soms
1444,Vermoeidheid,Zelden
1444,Obstipatie,Vaak
1444,Misselijkheid,Zelden
1445,Duizeligheid,Soms
1445,Angst,Zelden
1445,Huiduitslag,Vaak
1446,Duizeligheid,Vaak
1446,Diarree,Vaak
1446,Slaapproblemen,Soms
1447,Tremoren,Vaak
1447,Huiduitslag,Zelden
1447,Slaperigheid,Vaak
1448,Diarree,Vaak
1448,Angst,Zelden
1448,Slaapproblemen,Vaak
1449,Slaapproblemen,Vaak
1449,Droge mond,Vaak
1449,Koorts,Soms
1450,Angst,Vaak
1450,Slaperigheid,Soms
1450,Obstipatie,Soms
1451,Duizeligheid,Soms
1451,Slaperigheid,Vaak
1451,Tremoren,Zelden
1452,Maagklachten,Vaak
1452,Spierpijn,Zelden
1452,Misselijkheid,Soms
1453,Duizeligheid,Zelden
1453,Misselijkheid,Zelden
1453,Huiduitslag,Soms
1454,Vermoeidheid,Zelden
1454,Hoofdpijn,Vaak
1454,Droge mond,Zelden
1455,Duizeligheid,Soms
1455,Diarree,Vaak
1455,Droge mond,Zelden
1456,Slaperigheid,Zelden
1456,Duizeligheid,Soms
1456,Diarree,Vaak
1457,Hoofdpijn,Soms
1457,Diarree,Vaak
1457,Huiduitslag,Zelden
1458,Spierpijn,Zelden
1458,Obstipatie,Vaak
1458,Slaapproblemen,Soms
1459,Hoofdpijn,Vaak
1459,Slaperigheid,Zelden
1459,Obstipatie,Zelden
1460,Slaperigheid,Zelden
1460,Maagklachten,Soms
1460,Huiduitslag,Zelden
1461,Obstipatie,Soms
1461,Tremoren,Soms
1461,Misselijkheid,Soms
1462,Spierpijn,Vaak
1462,Obstipatie,Zelden
1462,Slaapproblemen,Zelden
1463,Maagklachten,Soms
1463,Misselijkheid,Zelden
1463,Obstipatie,Zelden
1464,Obstipatie,Zelden
1464,Slaperigheid,Soms
1464,Vermoeidheid,Soms
1465,Spierpijn,Soms
1465,Angst,Vaak
1465,Hoofdpijn,Vaak
1466,Duizeligheid,Zelden
1466,Diarree,Zelden
1466,Droge mond,Soms
1467,Koorts,Soms
1467,Duizeligheid,Vaak
1467,Misselijkheid,Soms
1468,Hoofdpijn,Zelden
1468,Slaperigheid,Soms
1468,Obstipatie,Vaak
1469,Slaapproblemen,Soms
1469,Spierpijn,Zelden
1469,Droge mond,Soms
1470,Diarree,Soms
1470,Maagklachten,Soms
1470,Slaapproblemen,Soms
1471,Slaapproblemen,Soms
1471,Slaperigheid,Soms
1471,Spierpijn,Vaak
1472,Vermoeidheid,Vaak
1472,Slaperigheid,Soms
1472,Huiduitslag,Zelden
1473,Koorts,Vaak
1473,Hoofdpijn,Soms
1473,Diarree,Zelden
1474,Vermoeidheid,Vaak
1474,Slaperigheid,Zelden
1474,Hoofdpijn,Vaak
1475,Diarree,Soms
1475,Slaperigheid,Soms
1475,Koorts,Soms
1476,Hoofdpijn,Zelden
1476,Droge mond,Soms
1476,Slaperigheid,Zelden
1477,Maagklachten,Zelden
1477,Slaapproblemen,Zelden
1477,Obstipatie,Zelden
1478,Hoofdpijn,Vaak
1478,Slaperigheid,Soms
1478,Vermoeidheid,Zelden
1479,Angst,Soms
1479,Slaapproblemen,Soms
1479,Tremoren,Zelden
1480,Slaapproblemen,Vaak
1480,Diarree,Soms
1480,Misselijkheid,Vaak
1481,Obstipatie,Vaak
1481,Slaperigheid,Zelden
1481,Droge mond,Vaak
1482,Maagklachten,Zelden
1482,Vermoeidheid,Vaak
1482,Angst,Zelden
1483,Spierpijn,Zelden
1483,Obstipatie,Vaak
1483,Koorts,Zelden
1484,Diarree,Vaak
1484,Maagklachten,Zelden
1484,Tremoren,Vaak
1485,Droge mond,Vaak
1485,Diarree,Vaak
1485,Hoofdpijn,Vaak
1486,Huiduitslag,Zelden
1486,Duizeligheid,Vaak
1486,Angst,Vaak
1487,Koorts,Vaak
1487,Angst,Zelden
1487,Vermoeidheid,Soms
1488,Diarree,Vaak
1488,Tremoren,Zelden
1488,Maagklachten,Soms
1489,Angst,Soms
1489,Hoofdpijn,Soms
1489,Obstipatie,Vaak
1490,Hoofdpijn,Vaak
1490,Diarree,Vaak
1490,Tremoren,Zelden
1491,Tremoren,Vaak
1491,Spierpijn,Soms
1491,Misselijkheid,Zelden
1492,Diarree,Soms
1492,Vermoeidheid,Soms
1492,Duizeligheid,Vaak
1493,Misselijkheid,Vaak
1493,Vermoeidheid,Vaak
1493,Tremoren,Soms
1494,Maagklachten,Zelden
1494,Duizeligheid,Zelden
1494,Tremoren,Soms
1495,Droge mond,Vaak
1495,Misselijkheid,Zelden
1495,Slaperigheid,Vaak
1496,Slaapproblemen,Zelden
1496,Hoofdpijn,Soms
1496,Tremoren,Soms
1497,Droge mond,Zelden
1497,Obstipatie,Soms
1497,Misselijkheid,Vaak
1498,Maagklachten,Vaak
1498,Angst,Soms
1498,Droge mond,Soms
1499,Misselijkheid,Vaak
1499,Tremoren,Soms
1499,Slaperigheid,Zelden
